{
    "extends": "tslint:recommended",
    "rules": {
        "array-type": false,
        "arrow-parens": false,
        "deprecation": {
      "severity": "warning"
        },
        "component-class-suffix": true,
        "contextual-lifecycle": true,
        "directive-class-suffix": true,
        "directive-selector": [
            true,
            "attribute",
            [
                "fuse",
                ""
            ],
            "camelCase"
        ],
        "component-selector": [
            true,
            "element",
            "attribute",
            [
                "fuse",
                ""
            ],
            [
                "kebab-case",
                "camelCase"
            ]
        ],
        "import-blacklist": [
            true,
            "rxjs/Rx"
        ],
        "interface-name": false,
        "max-classes-per-file": false,
        "max-line-length": [
            true,
            {
                "limit": 180,
                "ignore-pattern": "^import |^export | implements"
            }
        ],
        "member-access": false,
        "member-ordering": [
            true,
            {
                "order": [
                    "static-field",
                    "instance-field",
                    "static-method",
                    "instance-method"
                ]
            }
        ],
        "no-consecutive-blank-lines": false,
        "no-console": [
            true,
            "debug",
            "info",
            "time",
            "timeEnd",
            "trace"
        ],
        "no-empty": false,
        "no-inferrable-types": [
            true,
            "ignore-params"
        ],
        "no-non-null-assertion": true,
        "no-string-literal": false,
        "no-switch-case-fall-through": true,
        "no-trailing-whitespace": false,
        "no-var-requires": false,
        "object-literal-shorthand": false,
        "object-literal-sort-keys": false,
        "one-line": false,
        "ordered-imports": false,
        "quotemark": [
            true,
            "single"
        ],
        "typedef": [
            true,
            "call-signature",
            "property-declaration"
        ],
        "trailing-comma": false,
        "no-conflicting-lifecycle": true,
        "no-host-metadata-property": true,
        "no-input-rename": true,
        "no-inputs-metadata-property": true,
        "no-output-native": true,
        "no-output-on-prefix": true,
        "no-output-rename": true,
        "no-outputs-metadata-property": true,
        "template-banana-in-box": true,
        "template-no-negated-async": true,
        "use-lifecycle-interface": true,
        "use-pipe-transform-interface": true,
        "variable-name": [
            true,
            "ban-keywords",
            "check-format",
            "allow-pascal-case",
            "allow-leading-underscore"
        ]
    },
    "rulesDirectory": [
        "codelyzer"
    ]
}
